source,error_rate,dataset,dataset_label,strategy,strategy_label,delta_auc,p_value,n,sign_class
initial,0,pgp_broccatelli,Pgp,random,Random,0.39501750546531866,0.01923370361328125,20,1
initial,0,pgp_broccatelli,Pgp,first,First,0.3675814066603909,0.017181396484375,20,1
initial,0,pgp_broccatelli,Pgp,min_oob_error,MinE,0.4824022565023537,0.002712249755859375,20,1
initial,0,pgp_broccatelli,Pgp,max_oob_error,MaxE,-0.4284077055302326,0.08969497680664062,20,0
initial,0,pgp_broccatelli,Pgp,min_oob_uncertainty,MinU,0.3249084281003977,0.06372261047363281,20,0
initial,0,pgp_broccatelli,Pgp,max_oob_uncertainty,MaxU,0.3727679040487374,0.012079238891601562,20,1
initial,0,PAMPA_NCATS,PAMPA,random,Random,0.5788559640220117,0.0031528472900390625,20,1
initial,0,PAMPA_NCATS,PAMPA,first,First,0.5977541129766601,0.00365447998046875,20,1
initial,0,PAMPA_NCATS,PAMPA,min_oob_error,MinE,0.6351406646323723,0.00365447998046875,20,1
initial,0,PAMPA_NCATS,PAMPA,max_oob_error,MaxE,0.15848200234528073,0.6215133666992188,20,0
initial,0,PAMPA_NCATS,PAMPA,min_oob_uncertainty,MinU,0.765019212838175,0.0002613067626953125,20,1
initial,0,PAMPA_NCATS,PAMPA,max_oob_uncertainty,MaxU,0.8190420853826387,0.01068878173828125,20,1
initial,0,MDR1_MDCK_classification2,MDR1-MDCK,random,Random,0.9414374368993752,1.9073486328125e-06,20,1
initial,0,MDR1_MDCK_classification2,MDR1-MDCK,first,First,0.8593972527277309,1.9073486328125e-06,20,1
initial,0,MDR1_MDCK_classification2,MDR1-MDCK,min_oob_error,MinE,1.2489282621044029,1.9073486328125e-06,20,1
initial,0,MDR1_MDCK_classification2,MDR1-MDCK,max_oob_error,MaxE,-0.879110397746938,1.9073486328125e-06,20,-1
initial,0,MDR1_MDCK_classification2,MDR1-MDCK,min_oob_uncertainty,MinU,0.9153511746606785,3.814697265625e-06,20,1
initial,0,MDR1_MDCK_classification2,MDR1-MDCK,max_oob_uncertainty,MaxU,0.8900559424366172,1.9073486328125e-06,20,1
initial,0,ames,Ames,random,Random,0.017934918377717858,0.10539817810058594,20,0
initial,0,ames,Ames,first,First,0.02213462866903502,0.05316925048828125,20,0
initial,0,ames,Ames,min_oob_error,MinE,0.020981035158047057,0.04844093322753906,20,1
initial,0,ames,Ames,max_oob_error,MaxE,-0.008534873114320263,0.5958194732666016,20,0
initial,0,ames,Ames,min_oob_uncertainty,MinU,0.014074312285215208,0.2305126190185547,20,0
initial,0,ames,Ames,max_oob_uncertainty,MaxU,0.01426758696566548,0.2305126190185547,20,0
initial,0,CYP3A4_Veith,CYP3A4,random,Random,0.0747308401165597,0.0007076263427734375,20,1
initial,0,CYP3A4_Veith,CYP3A4,first,First,0.07060061099631768,0.0010166168212890625,20,1
initial,0,CYP3A4_Veith,CYP3A4,min_oob_error,MinE,0.08316314041139208,0.001209259033203125,20,1
initial,0,CYP3A4_Veith,CYP3A4,max_oob_error,MaxE,-0.07312099979273831,0.0001049041748046875,20,-1
initial,0,CYP3A4_Veith,CYP3A4,min_oob_uncertainty,MinU,0.06604797525087243,0.0007076263427734375,20,1
initial,0,CYP3A4_Veith,CYP3A4,max_oob_uncertainty,MaxU,0.07376417544571083,0.0005855560302734375,20,1
initial,0,CYP2D6_Veith,CYP2D6,random,Random,1.7072528275733265,1.9073486328125e-06,20,1
initial,0,CYP2D6_Veith,CYP2D6,first,First,1.5654610748085163,1.9073486328125e-06,20,1
initial,0,CYP2D6_Veith,CYP2D6,min_oob_error,MinE,1.412915564488051,1.33514404296875e-05,20,1
initial,0,CYP2D6_Veith,CYP2D6,max_oob_error,MaxE,-2.5537795511302672,1.9073486328125e-06,20,-1
initial,0,CYP2D6_Veith,CYP2D6,min_oob_uncertainty,MinU,1.7067645591880058,1.9073486328125e-06,20,1
initial,0,CYP2D6_Veith,CYP2D6,max_oob_uncertainty,MaxU,1.4890451911229807,1.9073486328125e-06,20,1
initial,10,pgp_broccatelli,Pgp,random,Random,0.5117200833037661,0.00485992431640625,20,1
initial,10,pgp_broccatelli,Pgp,first,First,0.4225221468346625,0.0010166168212890625,20,1
initial,10,pgp_broccatelli,Pgp,min_oob_error,MinE,0.47260676423863435,0.0007076263427734375,20,1
initial,10,pgp_broccatelli,Pgp,max_oob_error,MaxE,0.5912749369652257,0.017181396484375,20,1
initial,10,pgp_broccatelli,Pgp,min_oob_uncertainty,MinU,0.7523971501130582,0.0001049041748046875,20,1
initial,10,pgp_broccatelli,Pgp,max_oob_uncertainty,MaxU,0.563774627043663,0.0002613067626953125,20,1
initial,10,PAMPA_NCATS,PAMPA,random,Random,0.05650616086987539,0.9854354858398438,20,0
initial,10,PAMPA_NCATS,PAMPA,first,First,0.1092388018341115,0.38837623596191406,20,0
initial,10,PAMPA_NCATS,PAMPA,min_oob_error,MinE,0.08887019372273988,0.8983173370361328,20,0
initial,10,PAMPA_NCATS,PAMPA,max_oob_error,MaxE,0.171549499073197,0.082550048828125,20,0
initial,10,PAMPA_NCATS,PAMPA,min_oob_uncertainty,MinU,0.07916274042117935,0.47490501403808594,20,0
initial,10,PAMPA_NCATS,PAMPA,max_oob_uncertainty,MaxU,0.05171521754437693,0.6742229461669922,20,0
initial,10,MDR1_MDCK_classification2,MDR1-MDCK,random,Random,0.300309039409089,0.001209259033203125,20,1
initial,10,MDR1_MDCK_classification2,MDR1-MDCK,first,First,0.214180671186935,0.013616561889648438,20,1
initial,10,MDR1_MDCK_classification2,MDR1-MDCK,min_oob_error,MinE,0.36264672910192386,0.001689910888671875,20,1
initial,10,MDR1_MDCK_classification2,MDR1-MDCK,max_oob_error,MaxE,-0.9063300631743341,3.814697265625e-06,20,-1
initial,10,MDR1_MDCK_classification2,MDR1-MDCK,min_oob_uncertainty,MinU,0.3089356976737445,0.0003948211669921875,20,1
initial,10,MDR1_MDCK_classification2,MDR1-MDCK,max_oob_uncertainty,MaxU,0.1601499508135106,0.023950576782226562,20,1
initial,10,ames,Ames,random,Random,0.046570843924485315,0.0042209625244140625,20,1
initial,10,ames,Ames,first,First,0.04910595205256474,0.0002613067626953125,20,1
initial,10,ames,Ames,min_oob_error,MinE,0.022046101501058502,0.09730720520019531,20,0
initial,10,ames,Ames,max_oob_error,MaxE,0.09770746471600181,0.0004825592041015625,20,1
initial,10,ames,Ames,min_oob_uncertainty,MinU,0.06120992776536234,0.00365447998046875,20,1
initial,10,ames,Ames,max_oob_uncertainty,MaxU,0.05071943873348417,0.005580902099609375,20,1
initial,10,CYP3A4_Veith,CYP3A4,random,Random,-0.015576417665868193,0.09730720520019531,20,0
initial,10,CYP3A4_Veith,CYP3A4,first,First,-0.01508687863722571,0.11398696899414062,20,0
initial,10,CYP3A4_Veith,CYP3A4,min_oob_error,MinE,-0.021251888006869633,0.20244979858398438,20,0
initial,10,CYP3A4_Veith,CYP3A4,max_oob_error,MaxE,0.046436492746787295,0.0005855560302734375,20,1
initial,10,CYP3A4_Veith,CYP3A4,min_oob_uncertainty,MinU,-0.01681846710445285,0.21616744995117188,20,0
initial,10,CYP3A4_Veith,CYP3A4,max_oob_uncertainty,MaxU,-0.017328071647052922,0.16495704650878906,20,0
initial,10,CYP2D6_Veith,CYP2D6,random,Random,1.016554972812481,5.7220458984375e-06,20,1
initial,10,CYP2D6_Veith,CYP2D6,first,First,0.9921854741027918,1.9073486328125e-06,20,1
initial,10,CYP2D6_Veith,CYP2D6,min_oob_error,MinE,0.6271172134833904,0.0001678466796875,20,1
initial,10,CYP2D6_Veith,CYP2D6,max_oob_error,MaxE,-1.6547933992309993,1.9073486328125e-06,20,-1
initial,10,CYP2D6_Veith,CYP2D6,min_oob_uncertainty,MinU,0.9795322024297295,1.9073486328125e-06,20,1
initial,10,CYP2D6_Veith,CYP2D6,max_oob_uncertainty,MaxU,1.0085311614561874,3.814697265625e-06,20,1
initial,20,pgp_broccatelli,Pgp,random,Random,0.4245661746589612,0.069580078125,20,0
initial,20,pgp_broccatelli,Pgp,first,First,0.30362460412760583,0.1893482208251953,20,0
initial,20,pgp_broccatelli,Pgp,min_oob_error,MinE,-0.02420331953452113,0.956329345703125,20,0
initial,20,pgp_broccatelli,Pgp,max_oob_error,MaxE,1.0334608012657545,8.20159912109375e-05,20,1
initial,20,pgp_broccatelli,Pgp,min_oob_uncertainty,MinU,0.44648493392492516,0.001209259033203125,20,1
initial,20,pgp_broccatelli,Pgp,max_oob_uncertainty,MaxU,0.3770903500895205,0.069580078125,20,0
initial,20,PAMPA_NCATS,PAMPA,random,Random,0.25120369012045973,0.10539817810058594,20,0
initial,20,PAMPA_NCATS,PAMPA,first,First,0.20251300839170794,0.08969497680664062,20,0
initial,20,PAMPA_NCATS,PAMPA,min_oob_error,MinE,0.09718029741473277,0.26109886169433594,20,0
initial,20,PAMPA_NCATS,PAMPA,max_oob_error,MaxE,0.32511792939031736,0.08969497680664062,20,0
initial,20,PAMPA_NCATS,PAMPA,min_oob_uncertainty,MinU,0.30999730454414176,0.03623390197753906,20,1
initial,20,PAMPA_NCATS,PAMPA,max_oob_uncertainty,MaxU,0.16078844706488526,0.14290618896484375,20,0
initial,20,MDR1_MDCK_classification2,MDR1-MDCK,random,Random,0.0377573987890754,0.3299827575683594,20,0
initial,20,MDR1_MDCK_classification2,MDR1-MDCK,first,First,0.038144913396449986,0.49800872802734375,20,0
initial,20,MDR1_MDCK_classification2,MDR1-MDCK,min_oob_error,MinE,-0.024390022227829,0.7011814117431641,20,0
initial,20,MDR1_MDCK_classification2,MDR1-MDCK,max_oob_error,MaxE,-0.22690085038910937,0.0003948211669921875,20,-1
initial,20,MDR1_MDCK_classification2,MDR1-MDCK,min_oob_uncertainty,MinU,0.06148375987005643,0.1893482208251953,20,0
initial,20,MDR1_MDCK_classification2,MDR1-MDCK,max_oob_uncertainty,MaxU,0.02325719866805933,0.5458755493164062,20,0
initial,20,ames,Ames,random,Random,0.11281097526594089,0.009435653686523438,20,1
initial,20,ames,Ames,first,First,0.10960689718806851,0.01068878173828125,20,1
initial,20,ames,Ames,min_oob_error,MinE,0.001671930053085724,0.9854354858398438,20,0
initial,20,ames,Ames,max_oob_error,MaxE,0.355104917105575,1.9073486328125e-06,20,1
initial,20,ames,Ames,min_oob_uncertainty,MinU,0.21621335507777353,1.9073486328125e-05,20,1
initial,20,ames,Ames,max_oob_uncertainty,MaxU,0.08437175439813327,0.04405403137207031,20,1
initial,20,CYP3A4_Veith,CYP3A4,random,Random,0.015274980846273323,0.039989471435546875,20,1
initial,20,CYP3A4_Veith,CYP3A4,first,First,0.011820080372457653,0.26109886169433594,20,0
initial,20,CYP3A4_Veith,CYP3A4,min_oob_error,MinE,-0.01634762344439409,0.03276824951171875,20,-1
initial,20,CYP3A4_Veith,CYP3A4,max_oob_error,MaxE,0.06537464679060889,2.6702880859375e-05,20,1
initial,20,CYP3A4_Veith,CYP3A4,min_oob_uncertainty,MinU,0.023104743676338656,0.0023250579833984375,20,1
initial,20,CYP3A4_Veith,CYP3A4,max_oob_uncertainty,MaxU,0.005072739911273061,0.49800872802734375,20,0
initial,20,CYP2D6_Veith,CYP2D6,random,Random,0.4242627554599833,0.0014324188232421875,20,1
initial,20,CYP2D6_Veith,CYP2D6,first,First,0.6312675253705633,3.814697265625e-06,20,1
initial,20,CYP2D6_Veith,CYP2D6,min_oob_error,MinE,-0.6359646269334229,1.9073486328125e-05,20,-1
initial,20,CYP2D6_Veith,CYP2D6,max_oob_error,MaxE,-0.3094346813010258,0.0023250579833984375,20,-1
initial,20,CYP2D6_Veith,CYP2D6,min_oob_uncertainty,MinU,0.6752021267691017,1.9073486328125e-06,20,1
initial,20,CYP2D6_Veith,CYP2D6,max_oob_uncertainty,MaxU,0.5175949852253175,3.62396240234375e-05,20,1
initial,30,pgp_broccatelli,Pgp,random,Random,0.528903788073366,0.013616561889648438,20,1
initial,30,pgp_broccatelli,Pgp,first,First,0.5118557926352564,0.01068878173828125,20,1
initial,30,pgp_broccatelli,Pgp,min_oob_error,MinE,-0.24903381063328708,0.069580078125,20,0
initial,30,pgp_broccatelli,Pgp,max_oob_error,MaxE,1.777034875150194,3.814697265625e-06,20,1
initial,30,pgp_broccatelli,Pgp,min_oob_uncertainty,MinU,0.8915479452058677,2.6702880859375e-05,20,1
initial,30,pgp_broccatelli,Pgp,max_oob_uncertainty,MaxU,0.6050342991902552,0.021484375,20,1
initial,30,PAMPA_NCATS,PAMPA,random,Random,-0.017869005656731874,0.5216732025146484,20,0
initial,30,PAMPA_NCATS,PAMPA,first,First,-0.017319343961382315,0.40909767150878906,20,0
initial,30,PAMPA_NCATS,PAMPA,min_oob_error,MinE,-0.03251549705861018,0.16495704650878906,20,0
initial,30,PAMPA_NCATS,PAMPA,max_oob_error,MaxE,0.018091655936299873,0.26109886169433594,20,0
initial,30,PAMPA_NCATS,PAMPA,min_oob_uncertainty,MinU,-0.012911845758738893,0.5216732025146484,20,0
initial,30,PAMPA_NCATS,PAMPA,max_oob_uncertainty,MaxU,-0.00945059752499668,0.6215133666992188,20,0
initial,30,MDR1_MDCK_classification2,MDR1-MDCK,random,Random,0.030655649965358477,0.38837623596191406,20,0
initial,30,MDR1_MDCK_classification2,MDR1-MDCK,first,First,0.005772019496390968,0.8983173370361328,20,0
initial,30,MDR1_MDCK_classification2,MDR1-MDCK,min_oob_error,MinE,-0.0022606805567697563,0.7841262817382812,20,0
initial,30,MDR1_MDCK_classification2,MDR1-MDCK,max_oob_error,MaxE,0.08665630772552273,0.006389617919921875,20,1
initial,30,MDR1_MDCK_classification2,MDR1-MDCK,min_oob_uncertainty,MinU,0.03246656961542431,0.5216732025146484,20,0
initial,30,MDR1_MDCK_classification2,MDR1-MDCK,max_oob_uncertainty,MaxU,0.039585751770952804,0.14290618896484375,20,0
initial,30,ames,Ames,random,Random,0.3784707452974324,0.0023250579833984375,20,1
initial,30,ames,Ames,first,First,0.37685101602316334,0.001689910888671875,20,1
initial,30,ames,Ames,min_oob_error,MinE,-0.07469423640687242,0.3117942810058594,20,0
initial,30,ames,Ames,max_oob_error,MaxE,1.0941967690829164,3.814697265625e-06,20,1
initial,30,ames,Ames,min_oob_uncertainty,MinU,0.52675533554859,4.76837158203125e-05,20,1
initial,30,ames,Ames,max_oob_uncertainty,MaxU,0.4670712948599906,0.0004825592041015625,20,1
initial,30,CYP3A4_Veith,CYP3A4,random,Random,0.16235453493139218,0.0002613067626953125,20,1
initial,30,CYP3A4_Veith,CYP3A4,first,First,0.23555965039293306,1.9073486328125e-06,20,1
initial,30,CYP3A4_Veith,CYP3A4,min_oob_error,MinE,-0.21919935721100536,0.0007076263427734375,20,-1
initial,30,CYP3A4_Veith,CYP3A4,max_oob_error,MaxE,0.6797419221670251,1.9073486328125e-06,20,1
initial,30,CYP3A4_Veith,CYP3A4,min_oob_uncertainty,MinU,0.3299775118091187,1.9073486328125e-06,20,1
initial,30,CYP3A4_Veith,CYP3A4,max_oob_uncertainty,MaxU,0.13721548142328607,0.0003223419189453125,20,1
initial,30,CYP2D6_Veith,CYP2D6,random,Random,0.3371923566484124,3.62396240234375e-05,20,1
initial,30,CYP2D6_Veith,CYP2D6,first,First,0.3324234157122065,0.005580902099609375,20,1
initial,30,CYP2D6_Veith,CYP2D6,min_oob_error,MinE,-0.20109346457681418,0.000209808349609375,20,-1
initial,30,CYP2D6_Veith,CYP2D6,max_oob_error,MaxE,0.8127561536298202,5.7220458984375e-06,20,1
initial,30,CYP2D6_Veith,CYP2D6,min_oob_uncertainty,MinU,0.6671293901791546,9.5367431640625e-06,20,1
initial,30,CYP2D6_Veith,CYP2D6,max_oob_uncertainty,MaxU,0.3462772257057278,6.29425048828125e-05,20,1
initial,40,pgp_broccatelli,Pgp,random,Random,1.0220014033297669,0.0007076263427734375,20,1
initial,40,pgp_broccatelli,Pgp,first,First,1.1615122885741953,0.0001049041748046875,20,1
initial,40,pgp_broccatelli,Pgp,min_oob_error,MinE,0.0006956280217726984,0.8123550415039062,20,0
initial,40,pgp_broccatelli,Pgp,max_oob_error,MaxE,2.0535344817716616,3.814697265625e-06,20,1
initial,40,pgp_broccatelli,Pgp,min_oob_uncertainty,MinU,1.0519019685029467,2.6702880859375e-05,20,1
initial,40,pgp_broccatelli,Pgp,max_oob_uncertainty,MaxU,1.1653934712282121,0.0001049041748046875,20,1
initial,40,PAMPA_NCATS,PAMPA,random,Random,0.12950305955729866,0.04844093322753906,20,1
initial,40,PAMPA_NCATS,PAMPA,first,First,0.09772856516524073,0.26109886169433594,20,0
initial,40,PAMPA_NCATS,PAMPA,min_oob_error,MinE,0.07399163096573634,0.14290618896484375,20,0
initial,40,PAMPA_NCATS,PAMPA,max_oob_error,MaxE,0.06426951286122617,0.49800872802734375,20,0
initial,40,PAMPA_NCATS,PAMPA,min_oob_uncertainty,MinU,0.07440778499085976,0.40909767150878906,20,0
initial,40,PAMPA_NCATS,PAMPA,max_oob_uncertainty,MaxU,0.0703470367718018,0.38837623596191406,20,0
initial,40,MDR1_MDCK_classification2,MDR1-MDCK,random,Random,-0.0067087706985977215,0.9272785186767578,20,0
initial,40,MDR1_MDCK_classification2,MDR1-MDCK,first,First,0.05633167426513239,0.17685317993164062,20,0
initial,40,MDR1_MDCK_classification2,MDR1-MDCK,min_oob_error,MinE,-0.12926211733842194,0.01068878173828125,20,-1
initial,40,MDR1_MDCK_classification2,MDR1-MDCK,max_oob_error,MaxE,0.3109603865701702,5.7220458984375e-06,20,1
initial,40,MDR1_MDCK_classification2,MDR1-MDCK,min_oob_uncertainty,MinU,0.040933647899474665,0.5705966949462891,20,0
initial,40,MDR1_MDCK_classification2,MDR1-MDCK,max_oob_uncertainty,MaxU,0.007918683570328789,0.9272785186767578,20,0
initial,40,ames,Ames,random,Random,0.14112353193847574,0.082550048828125,20,0
initial,40,ames,Ames,first,First,0.19184808425795463,0.00485992431640625,20,1
initial,40,ames,Ames,min_oob_error,MinE,-0.010521779382280095,0.8123550415039062,20,0
initial,40,ames,Ames,max_oob_error,MaxE,0.5054502086933422,3.814697265625e-06,20,1
initial,40,ames,Ames,min_oob_uncertainty,MinU,0.23426078775608614,8.20159912109375e-05,20,1
initial,40,ames,Ames,max_oob_uncertainty,MaxU,0.125648588488684,0.0758514404296875,20,0
initial,40,CYP3A4_Veith,CYP3A4,random,Random,-0.022595437038720956,0.9854354858398438,20,0
initial,40,CYP3A4_Veith,CYP3A4,first,First,0.12186331948121057,0.09730720520019531,20,0
initial,40,CYP3A4_Veith,CYP3A4,min_oob_error,MinE,-1.1280596708163904,1.9073486328125e-06,20,-1
initial,40,CYP3A4_Veith,CYP3A4,max_oob_error,MaxE,2.225224214635765,1.9073486328125e-06,20,1
initial,40,CYP3A4_Veith,CYP3A4,min_oob_uncertainty,MinU,0.44576705491275187,9.5367431640625e-06,20,1
initial,40,CYP3A4_Veith,CYP3A4,max_oob_uncertainty,MaxU,0.009689496786953277,0.5705966949462891,20,0
initial,40,CYP2D6_Veith,CYP2D6,random,Random,0.2419422070025487,0.006389617919921875,20,1
initial,40,CYP2D6_Veith,CYP2D6,first,First,0.08963941415981265,0.7285060882568359,20,0
initial,40,CYP2D6_Veith,CYP2D6,min_oob_error,MinE,-0.6693114730516478,0.0002613067626953125,20,-1
initial,40,CYP2D6_Veith,CYP2D6,max_oob_error,MaxE,1.2908775615111554,2.6702880859375e-05,20,1
initial,40,CYP2D6_Veith,CYP2D6,min_oob_uncertainty,MinU,0.46353085771398045,2.6702880859375e-05,20,1
initial,40,CYP2D6_Veith,CYP2D6,max_oob_uncertainty,MaxU,0.16655331110998145,0.08969497680664062,20,0
stratified_shuffle,10,pgp_broccatelli,Pgp,random,Random,0.3398181345233784,0.00485992431640625,20,1
stratified_shuffle,10,pgp_broccatelli,Pgp,first,First,0.33325926957359153,0.009435653686523438,20,1
stratified_shuffle,10,pgp_broccatelli,Pgp,min_oob_error,MinE,0.4390284900371014,0.0001678466796875,20,1
stratified_shuffle,10,pgp_broccatelli,Pgp,max_oob_error,MaxE,0.13580665450371932,0.6742229461669922,20,0
stratified_shuffle,10,pgp_broccatelli,Pgp,min_oob_uncertainty,MinU,0.48472852975259534,0.000850677490234375,20,1
stratified_shuffle,10,pgp_broccatelli,Pgp,max_oob_uncertainty,MaxU,0.390291507092687,0.002712249755859375,20,1
stratified_shuffle,10,PAMPA_NCATS,PAMPA,random,Random,0.1411065225543847,0.1893482208251953,20,0
stratified_shuffle,10,PAMPA_NCATS,PAMPA,first,First,0.1729267555213926,0.21616744995117188,20,0
stratified_shuffle,10,PAMPA_NCATS,PAMPA,min_oob_error,MinE,0.16359037949840177,0.16495704650878906,20,0
stratified_shuffle,10,PAMPA_NCATS,PAMPA,max_oob_error,MaxE,0.23259996199066832,0.15364646911621094,20,0
stratified_shuffle,10,PAMPA_NCATS,PAMPA,min_oob_uncertainty,MinU,0.14884194846151683,0.10539817810058594,20,0
stratified_shuffle,10,PAMPA_NCATS,PAMPA,max_oob_uncertainty,MaxU,0.07748766318227189,0.47490501403808594,20,0
stratified_shuffle,10,MDR1_MDCK_classification2,MDR1-MDCK,random,Random,0.835583054712626,1.9073486328125e-06,20,1
stratified_shuffle,10,MDR1_MDCK_classification2,MDR1-MDCK,first,First,0.6511151866278009,0.0001678466796875,20,1
stratified_shuffle,10,MDR1_MDCK_classification2,MDR1-MDCK,min_oob_error,MinE,1.0644966220732528,3.814697265625e-06,20,1
stratified_shuffle,10,MDR1_MDCK_classification2,MDR1-MDCK,max_oob_error,MaxE,-1.4674309173449989,1.9073486328125e-06,20,-1
stratified_shuffle,10,MDR1_MDCK_classification2,MDR1-MDCK,min_oob_uncertainty,MinU,0.8766688068559368,1.9073486328125e-06,20,1
stratified_shuffle,10,MDR1_MDCK_classification2,MDR1-MDCK,max_oob_uncertainty,MaxU,0.7575435838556182,1.9073486328125e-05,20,1
stratified_shuffle,10,ames,Ames,random,Random,0.0294642712767736,0.6742229461669922,20,0
stratified_shuffle,10,ames,Ames,first,First,0.03683163218642349,0.4523754119873047,20,0
stratified_shuffle,10,ames,Ames,min_oob_error,MinE,0.04128591082875808,0.11398696899414062,20,0
stratified_shuffle,10,ames,Ames,max_oob_error,MaxE,0.031127965861076135,0.8694877624511719,20,0
stratified_shuffle,10,ames,Ames,min_oob_uncertainty,MinU,0.10302892247439388,0.0031528472900390625,20,1
stratified_shuffle,10,ames,Ames,max_oob_uncertainty,MaxU,0.03346805579447008,0.20244979858398438,20,0
stratified_shuffle,10,CYP3A4_Veith,CYP3A4,random,Random,0.026678787995460595,0.06372261047363281,20,0
stratified_shuffle,10,CYP3A4_Veith,CYP3A4,first,First,0.019157454205401336,0.40909767150878906,20,0
stratified_shuffle,10,CYP3A4_Veith,CYP3A4,min_oob_error,MinE,-0.0017000920660159124,0.7561664581298828,20,0
stratified_shuffle,10,CYP3A4_Veith,CYP3A4,max_oob_error,MaxE,-0.17075042930014456,9.5367431640625e-06,20,-1
stratified_shuffle,10,CYP3A4_Veith,CYP3A4,min_oob_uncertainty,MinU,0.02888731995547289,0.13272666931152344,20,0
stratified_shuffle,10,CYP3A4_Veith,CYP3A4,max_oob_uncertainty,MaxU,0.038520114426804496,0.0758514404296875,20,0
stratified_shuffle,10,CYP2D6_Veith,CYP2D6,random,Random,1.8544941055465411,1.9073486328125e-06,20,1
stratified_shuffle,10,CYP2D6_Veith,CYP2D6,first,First,1.823303152305364,1.9073486328125e-06,20,1
stratified_shuffle,10,CYP2D6_Veith,CYP2D6,min_oob_error,MinE,0.8071112794318172,0.000133514404296875,20,1
stratified_shuffle,10,CYP2D6_Veith,CYP2D6,max_oob_error,MaxE,-3.5131558459074173,1.9073486328125e-06,20,-1
stratified_shuffle,10,CYP2D6_Veith,CYP2D6,min_oob_uncertainty,MinU,1.968132541681608,1.9073486328125e-06,20,1
stratified_shuffle,10,CYP2D6_Veith,CYP2D6,max_oob_uncertainty,MaxU,1.5947326961188035,1.9073486328125e-06,20,1
stratified_shuffle,20,pgp_broccatelli,Pgp,random,Random,0.4981004056351672,0.1230926513671875,20,0
stratified_shuffle,20,pgp_broccatelli,Pgp,first,First,0.5401231659700294,0.04844093322753906,20,1
stratified_shuffle,20,pgp_broccatelli,Pgp,min_oob_error,MinE,0.3116534687141034,0.082550048828125,20,0
stratified_shuffle,20,pgp_broccatelli,Pgp,max_oob_error,MaxE,0.5790832112887309,0.09730720520019531,20,0
stratified_shuffle,20,pgp_broccatelli,Pgp,min_oob_uncertainty,MinU,0.6596799525602244,0.0031528472900390625,20,1
stratified_shuffle,20,pgp_broccatelli,Pgp,max_oob_uncertainty,MaxU,0.4872455322350788,0.04844093322753906,20,1
stratified_shuffle,20,PAMPA_NCATS,PAMPA,random,Random,0.023643089270454175,0.956329345703125,20,0
stratified_shuffle,20,PAMPA_NCATS,PAMPA,first,First,0.09559994981093936,0.7841262817382812,20,0
stratified_shuffle,20,PAMPA_NCATS,PAMPA,min_oob_error,MinE,-0.11584315309525675,0.36827659606933594,20,0
stratified_shuffle,20,PAMPA_NCATS,PAMPA,max_oob_error,MaxE,-0.18624755815675043,0.49800872802734375,20,0
stratified_shuffle,20,PAMPA_NCATS,PAMPA,min_oob_uncertainty,MinU,-0.0008623897527263669,0.9854354858398438,20,0
stratified_shuffle,20,PAMPA_NCATS,PAMPA,max_oob_uncertainty,MaxU,-0.1287710568196653,0.7561664581298828,20,0
stratified_shuffle,20,MDR1_MDCK_classification2,MDR1-MDCK,random,Random,0.44179073791084617,0.005580902099609375,20,1
stratified_shuffle,20,MDR1_MDCK_classification2,MDR1-MDCK,first,First,0.42869594092858954,0.009435653686523438,20,1
stratified_shuffle,20,MDR1_MDCK_classification2,MDR1-MDCK,min_oob_error,MinE,0.8986539257159329,6.29425048828125e-05,20,1
stratified_shuffle,20,MDR1_MDCK_classification2,MDR1-MDCK,max_oob_error,MaxE,-2.203371387206969,1.9073486328125e-06,20,-1
stratified_shuffle,20,MDR1_MDCK_classification2,MDR1-MDCK,min_oob_uncertainty,MinU,0.5464028088565058,0.0005855560302734375,20,1
stratified_shuffle,20,MDR1_MDCK_classification2,MDR1-MDCK,max_oob_uncertainty,MaxU,0.4309597865596693,0.00485992431640625,20,1
stratified_shuffle,20,ames,Ames,random,Random,0.021367396654875748,0.8408222198486328,20,0
stratified_shuffle,20,ames,Ames,first,First,0.022409538388850337,0.7841262817382812,20,0
stratified_shuffle,20,ames,Ames,min_oob_error,MinE,-0.08707283282216167,0.082550048828125,20,0
stratified_shuffle,20,ames,Ames,max_oob_error,MaxE,0.1598744170015884,0.082550048828125,20,0
stratified_shuffle,20,ames,Ames,min_oob_uncertainty,MinU,0.1340925865999159,0.05316925048828125,20,0
stratified_shuffle,20,ames,Ames,max_oob_uncertainty,MaxU,0.0007869662231843932,0.8123550415039062,20,0
stratified_shuffle,20,CYP3A4_Veith,CYP3A4,random,Random,0.04380531291565539,0.001209259033203125,20,1
stratified_shuffle,20,CYP3A4_Veith,CYP3A4,first,First,0.04816668595909519,0.0010166168212890625,20,1
stratified_shuffle,20,CYP3A4_Veith,CYP3A4,min_oob_error,MinE,0.02236732235719039,0.13272666931152344,20,0
stratified_shuffle,20,CYP3A4_Veith,CYP3A4,max_oob_error,MaxE,0.03147368399839969,0.0758514404296875,20,0
stratified_shuffle,20,CYP3A4_Veith,CYP3A4,min_oob_uncertainty,MinU,0.05820190087008399,0.0003948211669921875,20,1
stratified_shuffle,20,CYP3A4_Veith,CYP3A4,max_oob_uncertainty,MaxU,0.03597628470864116,0.012079238891601562,20,1
stratified_shuffle,20,CYP2D6_Veith,CYP2D6,random,Random,1.5959186691991096,1.9073486328125e-06,20,1
stratified_shuffle,20,CYP2D6_Veith,CYP2D6,first,First,1.786827861105388,1.9073486328125e-06,20,1
stratified_shuffle,20,CYP2D6_Veith,CYP2D6,min_oob_error,MinE,2.1347288675036316,1.9073486328125e-06,20,1
stratified_shuffle,20,CYP2D6_Veith,CYP2D6,max_oob_error,MaxE,-2.737301504034897,1.9073486328125e-06,20,-1
stratified_shuffle,20,CYP2D6_Veith,CYP2D6,min_oob_uncertainty,MinU,1.6628210387330031,1.9073486328125e-06,20,1
stratified_shuffle,20,CYP2D6_Veith,CYP2D6,max_oob_uncertainty,MaxU,1.73076261779497,1.9073486328125e-06,20,1
stratified_shuffle,30,pgp_broccatelli,Pgp,random,Random,0.4520670804978636,0.039989471435546875,20,1
stratified_shuffle,30,pgp_broccatelli,Pgp,first,First,0.21717420878303068,0.3299827575683594,20,0
stratified_shuffle,30,pgp_broccatelli,Pgp,min_oob_error,MinE,-0.12132749483767995,0.8123550415039062,20,0
stratified_shuffle,30,pgp_broccatelli,Pgp,max_oob_error,MaxE,0.9695045982859597,0.005580902099609375,20,1
stratified_shuffle,30,pgp_broccatelli,Pgp,min_oob_uncertainty,MinU,0.9273389207032068,0.0002613067626953125,20,1
stratified_shuffle,30,pgp_broccatelli,Pgp,max_oob_uncertainty,MaxU,0.5183964623502323,0.017181396484375,20,1
stratified_shuffle,30,PAMPA_NCATS,PAMPA,random,Random,0.07849779410417018,0.0758514404296875,20,0
stratified_shuffle,30,PAMPA_NCATS,PAMPA,first,First,0.027807280618288643,0.2773551940917969,20,0
stratified_shuffle,30,PAMPA_NCATS,PAMPA,min_oob_error,MinE,0.06402756196480061,0.069580078125,20,0
stratified_shuffle,30,PAMPA_NCATS,PAMPA,max_oob_error,MaxE,0.06306550125746133,0.6476554870605469,20,0
stratified_shuffle,30,PAMPA_NCATS,PAMPA,min_oob_uncertainty,MinU,0.07027958346010632,0.082550048828125,20,0
stratified_shuffle,30,PAMPA_NCATS,PAMPA,max_oob_uncertainty,MaxU,0.1649881573781706,0.10539817810058594,20,0
stratified_shuffle,30,MDR1_MDCK_classification2,MDR1-MDCK,random,Random,0.5552388030475534,3.62396240234375e-05,20,1
stratified_shuffle,30,MDR1_MDCK_classification2,MDR1-MDCK,first,First,0.3702739164653,0.000850677490234375,20,1
stratified_shuffle,30,MDR1_MDCK_classification2,MDR1-MDCK,min_oob_error,MinE,0.7814412227300593,3.62396240234375e-05,20,1
stratified_shuffle,30,MDR1_MDCK_classification2,MDR1-MDCK,max_oob_error,MaxE,-1.1464508978891628,1.9073486328125e-06,20,-1
stratified_shuffle,30,MDR1_MDCK_classification2,MDR1-MDCK,min_oob_uncertainty,MinU,0.3198582434342727,0.00485992431640625,20,1
stratified_shuffle,30,MDR1_MDCK_classification2,MDR1-MDCK,max_oob_uncertainty,MaxU,0.5477626887875449,2.6702880859375e-05,20,1
stratified_shuffle,30,ames,Ames,random,Random,0.11484394345865194,0.01531219482421875,20,1
stratified_shuffle,30,ames,Ames,first,First,0.1472732964499855,0.01531219482421875,20,1
stratified_shuffle,30,ames,Ames,min_oob_error,MinE,-0.016457078518723377,0.5958194732666016,20,0
stratified_shuffle,30,ames,Ames,max_oob_error,MaxE,0.31349848827288085,0.0005855560302734375,20,1
stratified_shuffle,30,ames,Ames,min_oob_uncertainty,MinU,0.3003191744661063,3.814697265625e-06,20,1
stratified_shuffle,30,ames,Ames,max_oob_uncertainty,MaxU,0.1095166320687209,0.058258056640625,20,0
stratified_shuffle,30,CYP3A4_Veith,CYP3A4,random,Random,0.030978213231380634,0.013616561889648438,20,1
stratified_shuffle,30,CYP3A4_Veith,CYP3A4,first,First,0.0375281114035559,0.017181396484375,20,1
stratified_shuffle,30,CYP3A4_Veith,CYP3A4,min_oob_error,MinE,0.001532889678093241,0.9854354858398438,20,0
stratified_shuffle,30,CYP3A4_Veith,CYP3A4,max_oob_error,MaxE,0.07919033230076913,0.0001678466796875,20,1
stratified_shuffle,30,CYP3A4_Veith,CYP3A4,min_oob_uncertainty,MinU,0.05563157844938686,0.001209259033203125,20,1
stratified_shuffle,30,CYP3A4_Veith,CYP3A4,max_oob_uncertainty,MaxU,0.03379358302406672,0.01531219482421875,20,1
stratified_shuffle,30,CYP2D6_Veith,CYP2D6,random,Random,1.5918193321096132,1.9073486328125e-06,20,1
stratified_shuffle,30,CYP2D6_Veith,CYP2D6,first,First,1.6508600867973058,1.9073486328125e-06,20,1
stratified_shuffle,30,CYP2D6_Veith,CYP2D6,min_oob_error,MinE,1.647968525122101,8.20159912109375e-05,20,1
stratified_shuffle,30,CYP2D6_Veith,CYP2D6,max_oob_error,MaxE,-3.28543292044687,1.9073486328125e-06,20,-1
stratified_shuffle,30,CYP2D6_Veith,CYP2D6,min_oob_uncertainty,MinU,1.3930275803982644,5.7220458984375e-06,20,1
stratified_shuffle,30,CYP2D6_Veith,CYP2D6,max_oob_uncertainty,MaxU,1.6524621017823165,3.814697265625e-06,20,1
stratified_shuffle,40,pgp_broccatelli,Pgp,random,Random,0.6814372021462376,3.62396240234375e-05,20,1
stratified_shuffle,40,pgp_broccatelli,Pgp,first,First,0.7317273218775849,0.0003948211669921875,20,1
stratified_shuffle,40,pgp_broccatelli,Pgp,min_oob_error,MinE,0.3721572283742766,0.058258056640625,20,0
stratified_shuffle,40,pgp_broccatelli,Pgp,max_oob_error,MaxE,1.325119921750249,1.9073486328125e-06,20,1
stratified_shuffle,40,pgp_broccatelli,Pgp,min_oob_uncertainty,MinU,1.038056092364986,1.9073486328125e-06,20,1
stratified_shuffle,40,pgp_broccatelli,Pgp,max_oob_uncertainty,MaxU,0.589925997306732,0.0042209625244140625,20,1
stratified_shuffle,40,PAMPA_NCATS,PAMPA,random,Random,0.3105401194656939,0.04844093322753906,20,1
stratified_shuffle,40,PAMPA_NCATS,PAMPA,first,First,0.244699902841189,0.17685317993164062,20,0
stratified_shuffle,40,PAMPA_NCATS,PAMPA,min_oob_error,MinE,0.23471908506248002,0.13272666931152344,20,0
stratified_shuffle,40,PAMPA_NCATS,PAMPA,max_oob_error,MaxE,0.40944451330572323,0.09730720520019531,20,0
stratified_shuffle,40,PAMPA_NCATS,PAMPA,min_oob_uncertainty,MinU,0.19021882028408937,0.3117942810058594,20,0
stratified_shuffle,40,PAMPA_NCATS,PAMPA,max_oob_uncertainty,MaxU,-0.03878311373960265,0.9854354858398438,20,0
stratified_shuffle,40,MDR1_MDCK_classification2,MDR1-MDCK,random,Random,0.2565485357205219,0.04405403137207031,20,1
stratified_shuffle,40,MDR1_MDCK_classification2,MDR1-MDCK,first,First,0.2874332297037004,0.13272666931152344,20,0
stratified_shuffle,40,MDR1_MDCK_classification2,MDR1-MDCK,min_oob_error,MinE,0.6719843172849036,0.0031528472900390625,20,1
stratified_shuffle,40,MDR1_MDCK_classification2,MDR1-MDCK,max_oob_error,MaxE,-2.658106105130521,1.9073486328125e-06,20,-1
stratified_shuffle,40,MDR1_MDCK_classification2,MDR1-MDCK,min_oob_uncertainty,MinU,0.00043323971396489467,0.956329345703125,20,0
stratified_shuffle,40,MDR1_MDCK_classification2,MDR1-MDCK,max_oob_uncertainty,MaxU,0.2547221951140196,0.06372261047363281,20,0
stratified_shuffle,40,ames,Ames,random,Random,0.15876489700274393,0.03276824951171875,20,1
stratified_shuffle,40,ames,Ames,first,First,0.1814111424833708,0.023950576782226562,20,1
stratified_shuffle,40,ames,Ames,min_oob_error,MinE,-0.04724026714551712,0.36827659606933594,20,0
stratified_shuffle,40,ames,Ames,max_oob_error,MaxE,0.48424912639638257,1.9073486328125e-06,20,1
stratified_shuffle,40,ames,Ames,min_oob_uncertainty,MinU,0.2688945801450163,1.9073486328125e-06,20,1
stratified_shuffle,40,ames,Ames,max_oob_uncertainty,MaxU,0.09544350603700931,0.26109886169433594,20,0
stratified_shuffle,40,CYP3A4_Veith,CYP3A4,random,Random,0.014658896969501711,0.40909767150878906,20,0
stratified_shuffle,40,CYP3A4_Veith,CYP3A4,first,First,0.026011271928133795,0.1893482208251953,20,0
stratified_shuffle,40,CYP3A4_Veith,CYP3A4,min_oob_error,MinE,-0.1659988836457032,3.62396240234375e-05,20,-1
stratified_shuffle,40,CYP3A4_Veith,CYP3A4,max_oob_error,MaxE,0.17534814742448573,0.000133514404296875,20,1
stratified_shuffle,40,CYP3A4_Veith,CYP3A4,min_oob_uncertainty,MinU,0.06925365373666921,0.0072956085205078125,20,1
stratified_shuffle,40,CYP3A4_Veith,CYP3A4,max_oob_uncertainty,MaxU,0.013722258085971361,0.5458755493164062,20,0
stratified_shuffle,40,CYP2D6_Veith,CYP2D6,random,Random,0.5768037907200494,3.814697265625e-06,20,1
stratified_shuffle,40,CYP2D6_Veith,CYP2D6,first,First,0.6921450352313926,2.6702880859375e-05,20,1
stratified_shuffle,40,CYP2D6_Veith,CYP2D6,min_oob_error,MinE,1.5081258254339165,1.9073486328125e-06,20,1
stratified_shuffle,40,CYP2D6_Veith,CYP2D6,max_oob_error,MaxE,-1.5241130925567765,1.9073486328125e-06,20,-1
stratified_shuffle,40,CYP2D6_Veith,CYP2D6,min_oob_uncertainty,MinU,0.5626270075389733,9.5367431640625e-06,20,1
stratified_shuffle,40,CYP2D6_Veith,CYP2D6,max_oob_uncertainty,MaxU,0.5036732468290873,0.0010166168212890625,20,1
